{"overall_avg_risk": 0.05218048903453491, "agent_risk": {"ABHIRAJ KALRA": 0.0, "ABU NIDAL": 0.0, "AJAY KUMAR MAHENDRA": 0.0, "AJAY KUMAR MISRA": 0.22580645161290322, "AKHILESH AWASTHI": 0.0, "ANITA DEVI VERMA": 0.0, "ANKIT KASHYAP": 0.0, "ARCHIT MAHENDRA": 0.01904761904761905, "ARVIND KUMAR PANDEY": 0.041237113402061855, "ASHISH SRIVASTAVA": 0.4, "ASHISH TRIVEDI": 0.0, "AWADESH KUMAR SINGH": 0.0, "BALRAM SINGH YADAV": 0.13333333333333333, "DHEERAJ KUMAR MISRA": 0.0, "DINESH KUMAR KANAUJIA": 0.19834710743801653, "GUNJAN TRIVEDI": 0.07647058823529412, "IQBAL HUSSAIN": 0.072992700729927, "JAI JAI SIYA RAM": 0.0, "JEETANSHU SINGH": 0.0, "KHUSHI KALRA": 0.05263157894736842, "KM SABEEHA": 0.058823529411764705, "LAL BAHADUR": 0.2647058823529412, "MADHUR BAJPAI": 0.0, "MANOJ KUMAR SINGH TOMAR": 0.0, "MANPREET SINGH": 0.04878048780487805, "MOHD. HAROON ANSARI": 0.3076923076923077, "MR.K.N. VERMA": 0.1927710843373494, "MUDIT MISHRA": 0.0, "NARENDRA SINGH": 0.01466275659824047, "NAVNEET KAUR": 0.003205128205128205, "PANKAJ KUMAR SHUKLA,": 0.16666666666666666, "PARVINDER KAUR DHANJAL": 1.0, "PUSHPA DEVI W/O MANOJ KR PADHA": 0.01818181818181818, "RAJESH KUMAR SRIVASTAVA": 0.0, "RAMJI GUPTA": 0.0, "RAVI KUMAR": 0.08176100628930817, "SARITA PANDEY": 0.014184397163120567, "SHARAD SHUKLA": 0.16666666666666666, "SHIVENDRA MISHRA": 0.0, "SHRI KANT MISHRA": 0.0, "SHYAM KUMAR AGARWAL": 0.0, "SIDDHARTH TANDAN": 0.0963302752293578, "SONAL VERMA": 0.0, "SUBODH KUMAR VERMA": 0.0, "UTKARSH DIXIT": 0.0, "VIJAY KUMAR TANDON": 0.012195121951219513, "VINOD KANAUJIYA": 0.3333333333333333, "VIPIN SRIVASTAVA": 0.0}}